Profundidad,Nodos,Branching factor
0,196,14.0
1,1862,9.5
2,15484,8.31578947368421
3,120834,7.80379746835443
4,906108,7.4987834549878345
5,6541598,7.219446247025741
