Profundidad,Nodos,Branching factor
0,3,3.0
1,6,2.0
2,12,2.0
3,30,2.5
4,30,1.0
5,66,2.2
6,96,1.4545454545454546
7,126,1.3125
8,210,1.6666666666666667
9,330,1.5714285714285714
10,318,0.9636363636363636
11,462,1.4528301886792452
12,816,1.7662337662337662
13,1032,1.2647058823529411
14,936,0.9069767441860465
15,1044,1.1153846153846154
16,1752,1.6781609195402298
17,2610,1.4897260273972603
18,3036,1.1632183908045977
19,3528,1.1620553359683794
20,3306,0.9370748299319728
21,4578,1.3847549909255898
22,6318,1.380078636959371
23,9108,1.4415954415954415
24,10674,1.1719367588932805
25,11580,1.0848791455874087
26,11844,1.0227979274611398
27,13374,1.1291793313069909
28,17124,1.2803947958725885
29,23664,1.3819201121233358
30,32184,1.3600405679513186
31,36984,1.1491424310216256
32,39822,1.076735885788449
33,38544,0.9679071869820702
34,39936,1.0361145703611456
35,45936,1.1502403846153846
36,57990,1.2624085684430513
37,77262,1.3323331608898086
38,96366,1.2472625611555486
39,116052,1.2042836685137912
40,127092,1.095129769413711
41,122142,0.9610518364649231
42,112086,0.9176695976813872
43,116814,1.042181896044109
44,135078,1.156351122296985
45,157326,1.1647048372051703
46,192498,1.2235612676862058
47,246468,1.2803665492628495
48,304638,1.2360144116071863
49,353958,1.1618970712780414
50,387960,1.0960622446730968
51,414768,1.0690999072069285
52,426558,1.0284255294526097
53,409446,0.9598835328372695
54,397866,0.9717178822115737
55,442128,1.1112485108051455
56,505836,1.1440940180219303
57,574950,1.136633217090124
58,672774,1.170143490738325
59,819612,1.2182575426517672
60,969552,1.1829402204945756
61,1084908,1.1189786623100153
62,1145952,1.0562665221382828
63,1174230,1.0246764262377481
64,1134474,0.9661429191895966
65,1018938,0.8981589705890131
66,832344,0.8168740394410651
67,647394,0.7777961996482223
68,458982,0.7089685724612832
69,319698,0.6965371191027099
70,195384,0.6111517744871723
71,102024,0.5221717233755067
72,44154,0.4327805222300635
73,14664,0.33211034107895093
74,3618,0.24672667757774142
75,1266,0.34991708126036486
76,294,0.23222748815165878
77,156,0.5306122448979592
78,72,0.46153846153846156
79,18,0.25
80,6,0.3333333333333333
