Profundidad,Nodos,Branching factor
0,289,17.0
1,3179,11.0
2,29478,9.272727272727273
3,252297,8.558823529411764
4,2061437,8.170675830469644
5,16266076,7.890649095752138
