Profundidad,Nodos,Branching factor
0,18,18.0
1,243,13.5
2,3240,13.333333333333334
3,43239,13.34537037037037
4,574908,13.296052175119684
